"","trackid","countzerov","totalspots","percentage"
"1",0,22,229,9.60698689956332
"2",2,3,79,3.79746835443038
"3",47,0,30,0
"4",52,12,98,12.2448979591837
"5",77,0,16,0
